folder,slide_index_in_folder,filename,composition_id
Carousel 1,1,501119758_17900656002191600_6218403526895240966_n.jpg,H01
Carousel 1,2,501873077_17900656017191600_1886609391873252001_n.jpg,N02
Carousel 1,3,502024310_17900655993191600_4483680049732094675_n.jpg,F04
Carousel 1,4,502388684_17900656005191600_390694569865746868_n.jpg,N01
Carousel 1,5,502735857_17900656008191600_5452832330193760141_n.jpg,N01
Carousel 10,1,688580116_18100053281028873_3685610566129990648_n.jpg,B01
Carousel 10,2,689565484_18100053326028873_5313555066914840471_n.jpg,B04
Carousel 10,3,690126391_18100053308028873_9076136894539238178_n.jpg,B02
Carousel 10,4,692487421_18100053263028873_1381873442567406955_n.jpg,B03
Carousel 10,5,694108880_18100053272028873_5317864945073681255_n.jpg,C04
Carousel 10,6,694892249_18100053317028873_7450646896129047357_n.jpg,C04
Carousel 10,7,696059595_18100053290028873_3418338509080987141_n.jpg,B02
Carousel 10,8,696234386_18100053254028873_2994758524065092874_n.jpg,H02
Carousel 10,9,696353679_18100053305028873_5190925350072238397_n.jpg,B04
Carousel 11,1,Instagram-01.png,N05
Carousel 11,2,Instagram-02.png,N05
Carousel 11,3,Instagram-03.png,N05
Carousel 11,4,Instagram-04.png,N05
Carousel 11,5,Instagram-05.png,N05
Carousel 11,6,Instagram-06.png,N05
Carousel 11,7,Instagram-07.png,N05
Carousel 11,8,Instagram-08.png,N05
Carousel 11,9,Instagram-09.png,N05
Carousel 11,10,Instagram-10.png,N05
Carousel 11,11,Instagram-11.png,N05
Carousel 11,12,Instagram-12.png,N05
Carousel 11,13,Instagram-13.png,N05
Carousel 11,14,Instagram-14.png,N05
Carousel 11,15,Instagram-15.png,N05
Carousel 11,16,Instagram-16.png,N05
Carousel 11,17,Instagram-17.png,N05
Carousel 11,18,Instagram-18.png,N05
Carousel 11,19,Instagram-19.png,C06
Carousel 2,1,627541634_17929489503191600_1452987083201375465_n.jpg,N06
Carousel 2,2,627723662_17929489494191600_2885035027839118171_n.jpg,N06
Carousel 2,3,632160917_17929489485191600_6233167343677409960_n.jpg,N08
Carousel 3,1,624790916_17928359364191600_1790517819534072634_n.jpg,N06
Carousel 3,2,625133688_17928359397191600_3428142401108643766_n.jpg,N06
Carousel 3,3,625385155_17928359382191600_7465470450068526948_n.jpg,N07
Carousel 4,1,621132334_17927419500191600_7619373913037398391_n.jpg,N06
Carousel 4,2,621217824_17927419509191600_6847965302367537080_n.jpg,N06
Carousel 4,3,621419849_17927419482191600_3485328708959960524_n.jpg,N06
Carousel 4,4,621422047_17927419491191600_7487959994607545557_n.jpg,N06
Carousel 5,1,618860050_17927075172191600_8022772933446362877_n.jpg,J06
Carousel 5,2,619413684_17927075151191600_8706024810230971278_n.jpg,N06
Carousel 5,3,619577889_17927075163191600_743181333937070347_n.jpg,N06
Carousel 5,4,619838408_17927075148191600_5347886431578552724_n.jpg,N06
Carousel 6,1,613653622_17926497468191600_6443128241330581851_n.jpg,N06
Carousel 6,2,615338054_17926497456191600_8556721537151912325_n.jpg,N06
Carousel 6,3,615691836_17926497447191600_7531042707679229005_n.jpg,N06
Carousel 6,4,616321153_17926497438191600_7663747106421582037_n.jpg,N08
Carousel 7,1,587719647_17922779373191600_7831998160183138073_n.jpg,N06
Carousel 7,2,591156167_17922779394191600_5785947843777193147_n.jpg,N07
Carousel 7,3,598643320_17922779364191600_8459471401245060403_n.jpg,N06
Carousel 7,4,600973128_17922779382191600_584993154521667985_n.jpg,N06
Carousel 8,1,729341902_18104428703028873_157935439651190506_n.webp,H03
Carousel 8,2,729455612_18104428757028873_8530300143713336072_n.webp,F06
Carousel 8,3,729698725_18104428730028873_6221832991020106638_n.webp,F06
Carousel 8,4,729772779_18104428682028873_3666766720392095206_n.webp,H02
Carousel 8,5,729781458_18104428694028873_5065663734568094146_n.webp,F06
Carousel 8,6,729830185_18104428739028873_7989426775469254694_n.webp,F06
Carousel 8,7,730173706_18104428721028873_8734573378667155857_n.webp,F06
Carousel 8,8,730586939_18104428748028873_2014574880979185605_n.webp,F07
Carousel 8,9,730628498_18104428775028873_214969918671044135_n.webp,C03
Carousel 8,10,730692813_18104428766028873_1990429110157727042_n.webp,F08
Carousel 8,11,730779681_18104428712028873_6742360965858248433_n.webp,F06
Carousel 9,1,702265415_18100931228028873_8646583926343057261_n.webp,F02
Carousel 9,2,702287875_18100931180028873_780690994785073959_n.webp,H05
Carousel 9,3,702450405_18100931237028873_3589626218960208531_n.webp,F02
Carousel 9,4,702508951_18100931219028873_5649806250776618446_n.webp,F02
Carousel 9,5,702524946_18100931189028873_6808339357439689658_n.webp,F03
Carousel 9,6,702731965_18100931210028873_8417656149478562020_n.webp,F02
Carousel 9,7,703111431_18100931201028873_8197277113160205253_n.webp,F02
Carousel 9,8,703811953_18100931246028873_444789195667006805_n.webp,C02
Carousel Grid Mood Date,1,img_1EZGobG.jpg,H08
Carousel Grid Mood Date,2,img_3Ab9v2k.jpg,H08
Carousel Grid Mood Date,3,img_3QtyHYk.jpg,H08
Carousel Grid Mood Date,4,img_FW9LIWn.jpg,H08
Carousel Grid Mood Date,5,img_GLlie88.jpg,H08
Carousel Grid Mood Date,6,img_UmoMai9.jpg,H08
Carousel Grid Mood Date,7,img_gN69RTt.jpg,H08
Carousel Grid Mood Date,8,img_n7oFzRg.jpg,H08
Carousel LISTICLE + JUXTAPOSITION,1,img_BmvmCpe.jpg,J01
Carousel LISTICLE + JUXTAPOSITION,2,img_HsMCxsC.jpg,J04
Carousel LISTICLE + JUXTAPOSITION,3,img_J2p1dqS.jpg,J01
Carousel LISTICLE + JUXTAPOSITION,4,img_MsTjeXw.jpg,J03
Carousel LISTICLE + JUXTAPOSITION,5,img_Ra5KRJ7.jpg,C01
Carousel LISTICLE + JUXTAPOSITION,6,img_h2NNUTK.jpg,J04
Carousel LISTICLE + JUXTAPOSITION,7,img_n61MPPU.jpg,H04
Carousel LISTICLE + JUXTAPOSITION,8,img_qQE2xXl.jpg,J03
Carousel LISTICLE + JUXTAPOSITION,9,img_qhPsQuE.jpg,J01
Carousel LISTICLE + JUXTAPOSITION,10,img_uvZBqsr.jpg,J01
Carousel LISTICLE TEMPLATE,1,img_CdPeDmX.jpg,F05
Carousel LISTICLE TEMPLATE,2,img_TphtxnE.jpg,F05
Carousel LISTICLE TEMPLATE,3,img_Tq3Xuro.jpg,H03
Carousel LISTICLE TEMPLATE,4,img_WEsKucO.jpg,F05
Carousel LISTICLE TEMPLATE,5,img_cl3l0jJ.jpg,F05
Carousel LISTICLE TEMPLATE,6,img_fIi9h2O.jpg,F05
Carousel LISTICLE TEMPLATE,7,img_lIpAdWv.jpg,F05
Carousel LISTICLE TEMPLATE,8,img_o7EGFi8.jpg,F05
Carousel LISTICLE TEMPLATE,9,img_u6ML5Kp.jpg,F05
Carousel LISTICLE TEMPLATE,10,img_yTfLFe8.jpg,C01
Carousel Template 1,1,1.png,J05
Carousel Template 1,2,2.png,J05
Carousel Template 1,3,3.png,J05
Carousel Template 1,4,4.png,J05
Carousel Template 1,5,5.png,N09
Carousel Template 1,6,6.png,J02
Minimal Style CAROUSEL,1,img_59bbpnJ.jpg,H04
Minimal Style CAROUSEL,2,img_5PNmLR9.jpg,N08
Minimal Style CAROUSEL,3,img_8C7jzGw.jpg,H03
Minimal Style CAROUSEL,4,img_FKpPUYL.jpg,N03
Minimal Style CAROUSEL,5,img_YxSnhqF.jpg,N03
Minimal Style CAROUSEL,6,img_g3sty5N.jpg,N04
Minimal Style CAROUSEL,7,img_jivd8aB.jpg,F10
Minimal Style CAROUSEL,8,img_qDAdIdt.jpg,N03
Minimal Style CAROUSEL,9,img_vwZC8fP.jpg,C05
Minimal Style CAROUSEL,10,img_zZPr16X.jpg,N08
